YEAR,STATE,OWNER_COMPANY,OPERATOR_COMPANY,PLANT,COUNTY,ZIPCODE,STATUS,CAPACITY,FLOW,BTU,DRYGAS,LIQUIDGAS
2017,OK,Enerfin Resources Company,Enerfin Resources I LP,Tecumseh Gas Plant,Pottatomie,74873,Active,20,10,1310,,1400,
2017,OK,Tag Petroleum Inc,Tag Petroleum Inc,Mehan Gas Plant,Payne,74076-1389,Active,1.5,0.65,1250,0,714,
2017,MS,Enterprise Gas Processing LLC,Enterprise Gas Processing LLC,Pascagoula Gas Processing Plant,Jackson,39567,Active,750,400,1200,0,1340,
2017,OK,Superior Pipeline Company LLC,Superior Pipeline Company LLC,Cashion Plant,Logan,73016,Active,45,36.5,1300,0,700,
2017,PA,Kane GPP LP,Elkhorn Gas Processing,Kane Gas Plant,McKean,16735,Active,12,5,1293,,3035,
2017,PA,Elkhorn Holdings,Elkhorn Gas Processing,Keystone Gas Plant,Warren,16735,Active,10,3,1293,,2064,
2017,TX,Formosa Hydrocarbons Company,Formosa Hydrocarbons Company,Formosa Hydrocarbons Company,Calhoun,77978,Not Active,200,,,,7000,
2017,OK,Superior Pipeline Company LLC,Superior Pipeline Company LLC,Minco Plant,Grady,73089,Active,18,6.7,1190,0,700,
2017,PA,Elkhorn Holdings LLC,Elkhorn Gas Processing,Roystone Gas Plant,Warren,16347,Active,9,6,1251,,3036,
2017,PA,Elkhorn Investments LLC,Elkhorn Gas Processing,Lewis Run Gas Plant,McKean,16701,Active,5,,,,1821,
2017,OK,Superior Pipeline Company LLC,Superior Pipeline Company LLC,Perkins Plant,Payne,74059,Active,30,3.5,1280,0,700,
2017,TX,Oxy,Oxy,Slaughter Gasoline Plant (Mallet),Hockley,79372,Active,345,340,1250,,2200,
2017,TX,Oxy,Oxy,Slaughter Gasoline Plant,Hockley,79372,Active,35,30,1400,,446000,
2017,OK,ENABLE PRODUCTS LLC,ENABLE PRODUCTS LLC,MCCLURE,CUSTER,73625,Active,215,200,1111,,2620,
2017,TX,Enbridge G&P North Texas L.P,Enbridge G&P North Texas L.P,Lone Camp,Palo Pinto,76453,Active,40,30,1250,,714,
2017,TX,Occidental Permian Ltd,Occidental Permian Ltd,Salt Creek Processing Plant,Kent,79550,Active,165,160,1170,,1300,
2017,TX,Enbridge G&P North Texas L.P,Enbridge G&P North Texas  L.P,Huckabay,Erath,76401,Active,20,19,1220,,1833,
2017,TX,Enbridge G&P North Texas L.P,Enbridge G&P North Texas L.P,Gordon,Palo Pinto,76453,Active,40,35,1250,,3600,
2017,ND,Enbridge,,Aux Sable Midstream, LLC,Mountrail,58769,Active,80,56,1492,,6429,
2017,ND,True Oil LLC,True Oil LLC,Red Wing Creek Gas Plant II,McKenzie,58835,Active,12,4,1475,,9143,
2017,MI,Breitburn Operating, L.P.,Breitburn Operating, L.P.,Sherman 35,Osceola,49655,Active,2,2,,,714,
2017,TX,ETC Texas Pipeline Ltd,Energy Transfer Company,La Grange Plant,Fayette,78945,Active,200,110,1275,,1700,
2017,TX,Ranch Westex JV LLC,Energy Transfer Company,Bone Springs Gas Processing Plant,Ward,79719,Active,120,102,1250,,5700,
2017,TX,TECO Gas Processing, LLC,Enterprise Products Operating LLC,Indian Springs Gas Plant,Polk,77351,Active,146,125,1160,,1068,
2017,TX,Enterprise Gathering LLC,Enterprise Gathering LLC,Fairplay-Duncan Gas Processing Plant,Rusk,75652,Active,40,30,1097,,714,
2017,LA,Enterprise Gas Processing, LLC,Enterprise Gas Processing, LLC,Sea Robin Gas Processing Plant,Vermillion,70533,Active,660,100,1080,,350,
2017,Tx,BTA Gas Processing LLC,BTA Gas Processing LLC,Panola II Processing Plant,Panola,75633,Active,120,60,1117,0,267,
2017,TX,La Grange Acquisition LP,Energy Transfer Company,Panther Plant,Upton,79778,Active,210,185,1326,,,
2017,MT,Hiland Partners Holdings  LLC,Kinder Morgan,Bakken Gas Plant,Richland,59270,Active,25,22,1421,,7386,
2017,ND,Hiland Partners Holdings LLC,Kinder Morgan,Badlands Gas Plant,Bowman,58651-9789,Active,52,19,283,,6667,
2017,ND,Kinder Morgan,Kinder Morgan,Norse Gas Plant,Divide,58755,Active,25,22,1437,,6123,
2017,ND,1804 LTD,1804 LTD,SpringBrook Gas Plant,Williams,58801,Active,,,,,,
2017,AL,GAS PROCESSORS INC,GAS PROCESSORS INC,Castleberry Plant,CONECUH,36432,Active,9,9,1275,,2857,
2017,ND,Hiland Partners Holdings  LLC,Kinder Morgan,Watford City Gas Plant,McKenzie,58831,Active,85,57,1445,,61429,
2017,OK,Cimarex Energy Co.,,Elmore City Gas Plant,Garvin,73433-9163,Active,26,11,1303,,106,
2017,TX,MarkWest Energy East Texas Gas Company,MarkWest Energy East Texas Gas Company,Argo Gas Plant,,79770,Not Active,200,50,1267,,,
2017,WY,Thunder Creek Gas Services,L.L.C.,Thunder Creek Gas Services, L.L.C.,50 Buttes Processing Facility,Campbell,82718,Active,90,81,1274,,15657,
2017,LA,Targa Resources, LLC,Targa Resources, LLC,Venice Gas Plant,Plaquemines,70091,Active,750,450,1180,,,
2017,OK,TPL MID-CONTINENT WESTOK, LLC,TPL MID-CONTINENT WESTOK, LLC,Waynoka Plant,Woods,73717,Active,430,340,1130,,,
2017,OK,TPL MID-CONTINENT WESTOK, LLC,TPL MID-CONTINENT WESTOK, LLC,Chaney Dell Plant,Major,73768,Active,30,,1120,,,
2017,OK,Targa,Targa,Chester Plant,Major,73838,Active,30,,1102,,,
2017,KS,Linn Energy,Linn Energy,Jayhawk Gas Plant,Grant,67880,Active,450,250,1000,,,
2017,TX,MarkWest Energy East Texas Gas Company,MarkWest Energy East Texas Gas Company,Hidalgo Gas Plant,,79770,Not Active,200,200,1267,,,
2017,ND,Liberty Midstream Solutions, LLC,Liberty Midstream Solutions, LLC,County Line Plant,Williams,58852,Active,25,11,1475,,6500,
2017,CO,Sterling Energy Investments, LLC,Sterling Energy Investments, LLC,Centennial Gas Plant,Weld,80611,Active,20,11,1393,,5714,
2017,OK,Tall Oak Midcon, LLC,Tall Oak Midcon, LLC,Carmen Gas Processing Plant,Alfalfa,73726,Active,60,29,1185,,715,
2017,LA,ETC Field Services LLC,ETC Field Services LLC,Elm Grove Plant,Bossier,71037,Active,200,155,1070,,2700,
2017,UT,Red Rock Gathering Company, LLC,Red Rock Gathering Company, LLC.,Harley Dome Plant,Grand County,81505,Active,30,14,1098,,714,
2017,CO,Red Rock Gathernig Company, LLC,Red Rock Gathering Company, LLC,Premier DeBeque,Mesa County,81505,Active,28,20,1047,,1429,
2017,AL,Palmer Petroleum Inc,Palmer Petroleum Inc,Monroeville Plant,Monroe,36460,Active,2,0,1300,,2142,
2017,AL,Palmer Petroleum Inc,Palmer Petroleum Inc,Monroeville Plant,Monroe,36460,Active,2,0,1300,,2142,
2017,CO,,Western Operating Company,Wiggins Gas Processing Plant,Morgan,80701,Active,3,0.05,1400,0,762,
2017,WY,TALLGRASS ENERGY MIDSTREAM LLC,,Casper Plant,NATRONA,82604,Active,65,45,1145,,8970,
2017,WY,TALLGRASS ENERGY MIDSTREAM LLC,TALLGRASS ENERGY MIDSTREAM LLC,Douglas Plant,CONVERSE,82633,Active,130,63,1193,,15650,
2017,TX,Western Gas Partners,Anadarko Petroleum Corporation,Brasada Gas Plant,LaSalle,78014,Active,230,230,1300,,,
2017,UT,Berry Petroleum Company LLC,Berry Petroleum Company LLC,Brundage Canyon Gas Plant,Duchesne,,Active,30,21,1180,,4285,
2017,ND,Caliber North Dakota LLC,Caliber North Dakota LLC,Hay Butte,McKenzie,58831,Active,10,4.969,1170,,5000,
2017,WV,Core Appalachia Operating, LLC,Core Appalachia Operating, LLC,Kermit,Mingo,25674,Active,32,18,1268,,714,
2017,WV,Core Appalachia Operating, LLC,Core Appalachia Operating, LLC,Smokehouse,Logan,25508,Active,13,7,1279,,2142,
2017,TX,COWTOWN GAS PROCESSING PARTNERS LP,COWTOWN GAS PROCESSING PARTNERS LP,Cowtown/Corvette Plant,Hood,76033,Active,300,125,1190,0,7857,
2017,PA,Mountain Gathering, LLC,Mountain Gathering, LLC,Penn Cryo Gas Plant,Butler,16053,Active,144,140,1180,,5733,
2017,TX,FOREST OIL CORPORATION 100%,FOREST OIL CORPORATION,MERCY GAS PLANT,SAN JACINTO,,Active,4,2,,,1000,
2017,MT,SAGA PETROLEUM, LLC,SAGA PETROLEUM, LLC,DRY CREEK PLANT,CARBON,59014,Active,4,1,1190,,1400,
2017,TX,Targa Midstream Services, LLC,Targa Midstream Services, LLC,Chico Plant,Wise,76431,Active,265,135,1214,,17383,
2017,LA,Targa Field Services LLC,Targa Field Services LLC,Gillis Gas Plant,Calcasieu,70615,Active,180,164,1113,,11280,
2017,TX,Targa Midstream Services, LLC,Targa Midstream Services, LLC,Shackelford Plant,Shackelford,,Active,15,6,1321,,4528,
2017,TX,SemGas, LP,SemGas, LP,Sherman,Grayson,75092-6707,Active,30,30,,,350,
2017,TX,VALENCE OPERATING COMPANY,VALENCE OPERATING COMPANY,Shamburger Lake Plant,SMITH,75706,Active,2,0.115,1295,,355,
2017,TX,,W. W. Sub, Inc.,Markley Plant,Jack & Young,76459,Active,1,1,,,500,
2017,TX,LINN ENERGY LLC,,Rothermel,LIMESTONE,76642,Active,15,15,1080,,714,
2017,LA,,Vernon E. Faulconer, Inc.,Desoto Gas Plant,Desoto,,Active,1.007,0.775,1040,,714,
2017,LA,Texas Petroleum Investment Company,,Neale,Beauregard,70653,Active,5,3,1072,,1143,
2017,TX,Targa Resources,,Mertzon Plant,Irion,76941,Active,52,49,1239,,7658,
2017,TX,DCP Operating Company, LP,DCP Operating Company, LP,Eagle Plant,Jackson,77957,Active,200,150,1275,,1238,
2017,TX,DCP Operating Company, LP,DCP Operating Company, LP,Goliad Gas Plant,Goliad,78710,Active,230,177,1277,,,
2017,TX,DCP Operating Company, LP,DCP Midstream,Pegasus Plant,Midland,79755,Active,100,60,1287,,42,
2017,LA,Targa Midstream Services LLC,Targa Midstream Services LLC,Big Lake Gas Plant,Calcasieu,70605,Active,200,8,1067,,,
2017,TX,Enable Midstream Partners, LP,Enable Texola G&P, LLC,Panola,Panola,75633,Active,100,75,1110,,1000,
2017,OK,Targa Resources,Targa Resources,Tupelo Gas Plant,Coal,74538,Active,125,122,1223,,,
2017,CO,Kerr McGee Gathering LLC,Kerr McGee Gathering LLC,Ft. Lupton Plant,Weld,80621-9421,Active,160,148,1311,,7850,
2017,TX,Navitas Midstream Midland Basin, LLC,,Crane Gas Plant,Upton,79731,Active,30,25,1355,,,
2017,AL,GAS PROCESSORS INC,GAS PROCESSORS INC,Atmore Plant,Escambia,39502,Active,9,9,1275,,2857,
2017,CO,Western Gas Partners LLC,Anadarko Petroleum,Lancaster Plant,Weld,80621-9421,Active,660,653,1311,,5700,
2017,LA,Enable Midstream Partners,Enable Midstream Partners,Sligo Processing Facility,Bossier,71037,Active,230,140,1100,,7857,
2017,LA,Enable Midstream Partners,Enable Midstream Partners,Capiana Plant,Caddo,71115,Active,25,15,1050,,715,
2017,TX,Enable Midstream Partners,Enable Midstream Partners,Joaquin Plant,Shelby,75954,Active,40,5,1070,,1191,
2017,TX,Enable Midstream Partners,Enable Midstream Partners,Stockman Plant,Shelby,75935,Active,15,1,1070,,714,
2017,OK,Enable Midstream Partners,Enable Midstream Partners,Coalgate Plant,Coal,74538,Active,13,4,1106,,714,
2017,Tx,Oxy,,Block 31 Plant,Crane,79731,Active,41,41,550,,718,
2017,WY,Mountain Gas Resources, LLC,Anadarko Petroleum,Patrick Draw Gas Plant,Sweetwater,82901,Active,120,70,1165,,24500,
2017,TX,Bridwell Oil Company,Bridwell Oil Company,Bridwell River Ranch Gas Plant,Clay, ,Active,1,1,1200,,700,
2017,LA,Bridwell Oil Management, LLC,Bridwell Oil Management, LLC,Chipola Field Gas Plant,Saint Helena, ,Active,1,1,1200,,700,
2017,UT,Kinder Morgan,Kinder Morgan - Altamont,Altamont Gas Plant,Duchesne,84001,Active,80,76,1200,,22476,
2017,UT,,Citation Oil & Gas Corp.,Pineview Gas Plant,Summit,84017,Active,2,1,1870,,5000,
2017,OK,MADILL GAS PROCESSING COMPANY, LLC,CARRERA OPERATING COMPANY,MADILL GAS PLANT,MARSHALL,73446,Active,50,40,1200,,3800,
2017,WY,Mountain Gas Resources, LLC,Anadarko Petroleum,Granger Gas Plant,Sweetwater,82935,Active,500,296,1092,,22300,
2017,OK,CAMRICK GAS PROCESSING COMPANY, LLC,CARRERA OPERATING COMPANY,Camrick Gas Plant,BEAVER,73931,Active,10,4,1140,,500,
2017,TX,XTO Energy, Inc.,XTO Energy, Inc.,CGU Cordona Lake Plant,Crane,79731,Active,10,4.57,610,,443,
2017,ND,Nesson Gathering System LLC,Nesson Gathering System LLC,Nesson Plant,Williams,58852,Active,35,26.397,1340,,10119,
2017,TX,,Citation Oil & Gas Corp.,Little Buffalo Basin,Harris,77069-2212,Not Active,0,0,,,,
2017,MI,Dart Oil & Gas Corporation,Dart Oil & Gas Corp,Marion Gas Plant,Osecola,49665,Active,3,1,1194,,607,
2017,MI,Dart Oil & Gas Corporation,Dart Oil & Gas Corp,Goose Lake Gas Plant,Osceola,49655,Active,2,,1134,,607,
2017,TX,MCLEAN GAS PROCESSING COMPANY, LLY,CARRERA OPERATING COMPANY,MCLEAN PLANT,GRAY,79057,Active,25,9,1200,,300,
2017,CO,DCP Operating Company, LP,DCP Operating Company, LP,Roggen,Weld,80652,Active,75,65,1300,,5950,
2017,CO,DCP Operating Company, LP,DCP Operating Company, LP,Eaton Plant,Weld,80631,Active,11,10,1175,,1140,
2017,IL,,Citation Oil & Gas Corp.,Salem Gas Plant,Marion,62881,Active,1.5,0.85,,,1500,
2017,CO,DCP Operating Company, LP,DCP Operating Company, LP,Lucerne,Weld,80631,Active,36,36,1175,,3272,
2017,TX,DCP Operating Company, LP,DCP Operating Company, LP,Wilcox Gas Plant,Lavaca,77964,Active,240,135,1102,,9857,
2017,NM,DCP Operating Company, LP,DCP Operating Company, LP,Linam Ranch,Lea,88240,Active,225,164,1241,,1400,
2017,CO,DCP Operating Company, LP,DCP Operating Company, LP,Spindle,Weld,80621,Active,39,39,1275,,7270,
2017,TX,DCP Operating Company, LP,DCP Operating Company, LP,Roberts Ranch,Midland,79766,Active,70,70,1100,,362,
2017,CO,DCP Operating Company, LP,DCP Operating Company, LP,O`Connor,Weld,80644,Active,155,153,1300,,2300,
2017,NM,DCP Operating Company, LP,DCP Operating Company, LP,Pecos Diamond,Eddy,88210,Active,40,,,,,
2017,OK,DCP Operating Company, LP,DCP Operating Company, LP,Chitwood Plant,Grady,73067,Active,90,70,1250,,4000,
2017,OK,DCP Operating Company, LP,DCP Operating Company, LP,Sholem Alechem,Stephens-Carter,73533,Active,60,55,1235,,5950,
2017,TX,DCP Operating Company, LP,DCP Operating Company, LP,La Gloria,Jim Wells,78355,Active,265,40,1130,,34120,
2017,KS,DCP Operating Company, LP,DCP Operating Company, LP,National Helium Plant,Seward,67901-2079,Active,620,340,1080,,4000,
2017,CO,DCP Operating Company, LP,DCP Operating Company, LP,Ladder Creek,Cheyenne,80810,Active,55,15,750,,600,
2017,TX,DCP Operating Company, LP,DCP Operating Company, LP,Ozona Gas Processing Plant,Crockett,76943-1029,Active,120,85,1160,,15833,
2017,TX,DCP Operating Company, LP,DCP Operating Company, LP,Gulf Plains Gas Plant,Nueces,78343,Active,170,143,1200,,3475,
2017,TX,DCP Operating Company, LP,DCP Operating Company, LP,East Texas,Panola,75631,Active,720,400,1175,,185000,
2017,TX,DCP Operating Company, LP,DCP Operating Company, LP,Sutton Sonora Plant,Sutton,76493,Active,62,62,1175,,4523,
2017,TX,DCP Operating Company, LP,DCP Operating Company, LP,Southwest Ozona,Crockett,76943-1029,Active,90,85,1160,,1429,
2017,NM,DCP Operating Company, LP,DCP Operating Company, LP,Eunice,Lea,88240,Active,105,95,1250,,4000,
2017,OK,DCP Operating Company, LP,DCP Operating Company, LP,Fox Plant,Carter,73438,Active,24,18,1050,,1450,
2017,OK,DCP Operating Company, LP,DCP Operating Company, LP,Mustang,Grady,73089,Active,34,25,1160,,1100,
2017,OK,DCP Operating Company, LP,DCP Operating Company, LP,Cimarron Gas Plant,Woodward,73663,Active,65,55,1100,,2388,
2017,OK,DCP Operating Company, LP,DCP Operating Company, LP,Kingfisher,Kingfisher,73016,Active,170,115,1200,,3600,
2017,TX,DCP Operating Company, LP,DCP Operating Company, LP,Goldsmith,Ector,79741,Active,160,165,1325,,9000,
2017,CO,,Citation Oil & Gas Corp.,Mount Pearl Gas Plant,Cheyenne,80825,Active,1,1,1227,,1429,
2017,TX,DCP Operating Company, LP,DCP Operating Company, LP,Austin Giddings,Fayette,78945,Active,95,90,1218,,7238,
2017,OK,DCP Operating Company, LP,DCP Operating Company, LP,Mooreland Plant,Woodward,73852,Active,130,80,1180,,4117,
2017,CO,DCP Operating Company, LP,DCP Operating Company, LP,Platteville,Weld,80651,Active,70,60,1270,,3600,
2017,NM,DCP Operating Company, LP,DCP Operating Company, LP,Hobbs Cryogenics Plant,Lea,88240,Active,42,20,1125,,80,
2017,TX,DCP Operating Company, LP,DCP Operating Company, LP,Tolar Plant/Black Diamond,Hood,76476,Active,120,20,1270,,1430,
2017,TX,DCP Operating Company, LP,DCP Operating Company, LP,Three Rivers,Live Oak,78022,Active,95,,,,1380,
2017,TX,Enlink Texas Processing, LP,Enlink Texas Processing, LP,Silver Creek Plant,Parker,76087,Active,200,146,1164,,1287,
2017,TX,,Enlink Texas Processing, LP,Goforth Plant,Parker,76126,Active,30,20,1213,15,75,
2017,TX,,Enlink Midstream Services, LLC,Bridgeport Plant,Wise,76426,Active,800,515,1170,,48415,
2017,OK,EnLink Midstream Services, LLC,EnLink Midstream Services, LLC,Battle Ridge Plant,Nacogdoches,74023,Active,95,50,1200,,802,
2017,TX,XTO Energy, INC,,Cornell Mahoney Gas Plant,Yoakum,79323,Active,50,40,380,,2000,
2017,AL,DCP Operating Company, LP,DCP Operating Company, LP,Mobile Bay,Mobile,36523,Active,300,60,1090,,70000,
2017,PA,Elkhorn Investments, LLC,Elkhorn Gas Processing,Whitetail Gas Plant,Elk,16735,Active,6,2,1150,,1214,
2017,TX,ENABLE PRODUCTS LLC,ENABLE PRODUCTS LLC,WHEELER,WHEELER,79096,Active,200,200,1215,,,
2017,OK,ENABLE PRODUCTS LLC,ENABLE PRODUCTS LLC,BRADLEY,GRADY,73011,Active,400,342,1229,,,
2017,CO,Enterprise Gas Processing, LLC,Enterprise Gas Processing, LLC,Meeker Gas Plant,Rio Blanco,81650,Active,1800,955,1080,,,
2017,TX,NORTEX MIDSTREAM PARTNERS, LLC,WORSHAM-STEED GAS STORAGE, LLC,WORSHAM-STEED CRYOGENIC GAS PLANT,JACK,76486,Active,60,41,950,,,
2017,TX,American Midstream,,Longview Gas Plant,Gregg,75604,Active,50,16,1270,,7850,
2017,TX,Arrowhead Pipeline L.P,Harvest Pipeline,Old Ocean Gas Plant,Brazoria,77480,Active,140,65,1100,,7500,
2017,TX,Exxon,Vanguard Natural Resourses, Inc.,Fairway Gas Plant,Henderson,75782,Active,88,40,1086,,1083,
2017,ND,ONEOK,ONEOK,Grasslands Natural Gas Processing Plant,McKenzie,58831,Active,85,68,1340,,31738,
2017,MT,ONEOK,ONEOK,Baker Natural Gas Processing Plant,Fallon,59313,Active,6,2,1500,,3200,
2017,ND,ONEOK,ONEOK,Lignite Natural Gas Processing Plant,Burke,58752,Active,10,7,1293,,8571,
2017,ND,ONEOK,ONEOK,Garden Creek Natural Gas Processing Plant,McKenzie,58854,Active,300,300,1450,,28100,
2017,ND,ONEOK,ONEOK,Stateline Natural Gas Processing Plant,Williams,58801,Active,220,167,1424,,17358,
2017,ND,ONEOK,ONEOK,Lonesome Creek Natural Gas Processing Plant,McKenzie,58831,Active,200,173,1405,,8571,
2017,ND,ONEOK,ONEOK,Bear Creek Natural Gas Processing Plant,Dunn,58640,Active,80,65,1400,,,
2017,UT,Dominion Energy Questar Pipeline,Dominon Energy Questar Pipeline,Price Dew Point Plant,Carbon,84501,Not Active,,,,,,
2017,CO,Dominion Energy Questar Pipeline,Dominion Energy Questar Pipeline,Skull Creek Dew Point,Moffat,81625,Active,45,20,1108,,1428,
2017,UT,Dominion Energy Questar Pipeline,Dominion Energy Questar Pipeline,Kastler Dew Point Plant,Daggett,84023,Active,300,9,1046,,2143,
2017,UT,Dominion Energy Questar Field Services,Dominion Energy Questar Pipeline,Price Raptor Plant,Carbon,84501,Active,130,,1046,,3571,
2017,OK,,,Amber Gas Plant,GRADY,73004-5511,Active,21,6,1350,,380,
2017,KS,Durango Midstream,,Kingman Gas Plant,KINGMAN,67025,Active,26,21,,,380,
2017,TX,KELTON GAS SERVICES LLC,DURANGO MIDSTREAM,Kelton Gas Plant,WHEELER,79096,Active,90,32,1200,,1200,
2017,CO,Summit Midstream Partners, LLC,Meadowlark Midstream Company, LLC,Hereford Ranch Plant,Weld,80729,Active,20,13,1250,,329,
2017,LA,Targa Resources,Targa Resources,Barracuda Gas Plant,Cameron,70631,Active,200,81,1059,,98,
2017,LA,Targa Resources,Targa Resources,Lowry Gas Plant,Cameron,70549,Active,220,1,1065,,,
2017,NM,,Targa Midstream Services, LLC,Targa Midstream Services LLC,Lea,88231-1909,Active,115,100,1029,,713,
2017,TX,Targa Resources,Targa Resources,Tarzan Gas Plant,Martin,79749,Active,10,8.7,1050,,1876,
2017,OK,Superior Pipeline Company LLC,Superior Pipeline Company LLC,Bellmon Plant,Kay,74653,Active,90,27,1190,,700,
2017,WY,Williams Companies,Williams,Bucking Horse Gas Plant,Converse,82633,Active,120,56,1284,,,
2017,ND,Andeavor Field Services LLC,Andeavor Field Services LLC,Robinson Lake Gas Plant,Mountrail,58673,Active,140,97,1550,,29050,
2017,NM,Castleton Commodities International, LLC,,CCI San Juan LLC,San Juan,87417,Active,30,23,1039,,,
2017,Tx,Delaware Basin Gas Processing, LLC,Enterprise Products Operating LLC,Delaware Basin Gas Processing Plant,Reeves,79730,Active,150,150,1239,,,
2017,TX,,Coronado Midstream LLC,Riptide Plant,Martin,79749,Active,100,85,1270,,6600,
2017,OK,Enbridge G&P (Oklahoma), L.P.,Enbridge G&P (Oklahoma), L.P.,Nine Mile Gas Plant,Dewey,73654-9712,Active,30,30,1143,,,
2017,TX,Enbridge Pipelines (Texas Gathering) L.P.,Enbridge Pipelines (Texas Gathering) L.P.,Hidetown Plant,Wheeler,79096,Active,132,3,1121,,833,
2017,WY,ConocoPhillips Company (Burlington Resources),ConocoPhillips Company,Lost Cabin Gas Plant,Fremont,82642,Active,265,211,984,0,0,
2017,OK,Continuum Midstream, LLC,Continuum Midstream, LLC,Foss Compressor Station,Custer,73628,Not Active,6,3,1100,,428,
2017,WY,Colorado Interstate Gas Company, LLC,Colorado Interstate Gas Company, LLC,Rawlins Gas Plant,Carbon,82334,Not Active,,,,,,
2017,TX,Carnero Processing, LLC,Carnero Processing, LLC,Raptor Gas Plant,La Salle,78014,Active,260,136,1292,,,
2017,TX,Copano Processing LLC,Copano Processing LLC,Houston Central Plant,Colorado,77475,Active,1000,707,,,24608,
2017,LA,,Enlink Processing, LLC,Eunice Plant,Acadia Parish,70535,Active,500,340,1036,,66577,
2017,CO,DCP Operating Company, LP,DCP Operating Company, LP,Mewbourne,Weld,80651,Active,143,143,1175,,120000,
2017,CO,DCP Operating Company, LP,DCP Operating Company, LP,Greeley Plant,Weld,80620,Active,27,25,1175,,17150,
2017,AR,Bonanza Creek Energy, Inc.,Bonanza Creek Energy, Inc.,Dorcheat Gas Processing Plant,Columbia,71753,Active,12,11,1188,,3857,
2017,OK,DCP Operating Company, LP,DCP Operating Company, LP,Okarche,Kingfisher,73762-9628,Active,165,150,1165,,3095,
2017,OK,,Enlink Midstream Services, LLC,Cana Plant,Canadian,73014,Active,420,371,1189,,6095,
2017,OK,EnLink Midstream Services, LLC,EnLink Midstream Services, LLC,Chisholm Plant,Kingfisher,73750,Active,560,390,1250,,14156,
2017,TX,,Coronado Midstream LLC,Bearkat Plant,Glasscock,79739,Active,60,40,1250,,4213,
2017,UT,Andeavor Field Services LLC,Andeavor Field Services LLC,Red Wash Area,Uintah,84078,Active,300,198,1102,,,
2017,WY,Green River Processing,Green River Processing,Blacks Fork Gas Plant,Sweetwater,52934,Active,765,443,1092,,18334,
2017,WY,Andeavor Field Services LLC,Andeavor Field Services LLC,Vermillion Gas Plant,Sweetwater,82934,Active,57,49,1068,,685,
2017,WY,Green River Processing, LLC,Green River Processing, LLC,Emigrant Trail Gas Plant,Uinta,82937,Active,55,32,1124,,2800,
2017,WY,ROCK OIL AND GAS ASSETS, LLC,CUMBERLAND OPERATING, LLC,YU BENCH,PARK,82414,Active,4,1,1115,,714,
2017,OK,Enable Midstream,Enable Midstream,Roger Mills,RogerMills,73628,Active,100,30,1065,0,1200,
2017,TX,Southcross Energy GP LLC,FL Rich Gas Services, LP,Lone Star Plant,Bee,78162,Active,300,130,1278,0,760,
2017,TX,Chevron,Chevron,Ozona,Crockett,76943,Active,32,9,1290,,648,
2017,WY,Williams,Williams Midstream Services, LLC,Echo Springs Gas Plant,Carbon,82336,Active,745,480,,,,
2017,CO,Williams,Williams Midstream Srvcs., LLC,Ignacio Gas Plant,LaPlata,81303,Active,595,407,1099,,38850,
2017,TX,Delaware Processing LLC,Delaware Processing LLC,Lobo II Plant,Loving,79754,Active,135,110,1300,,700,
2017,NM,Williams,Williams Midstream Services, LLC,Kutz Gas Plant,San Juan,87413,Active,230,114,1152,,4285,
2017,CO,Williams,Williams Midstream Services, LLC,Willow Creek,Rio Blanco,81650,Active,495,471,,,,
2017,AL,W&T Offshore, Inc.,W&T Offshore, Inc.,Yellowhammer Gas Plant,Mobile,36523,Active,200,60,1110,,7142,
2017,TX,Advance NGL, Inc.,Advance NGL, Inc.,Indian Mound,Young,76450,Active,1,1,,,1429,
2017,IL,Enbridge,,Aux Sable Liquid Products,Grundy,60450,Active,2100,1633,1131,,200000,
2017,MI,Merit Energy Company (100%),Merit Energy Company,Mentor NGL plant,Oscoda,48654,Active,10,1,1130,,715,
2017,TX,Pecan Pipeline Company,Pecan Pipeline Company,Kripple Kreek Gas Plant,Montague,76230,Active,160,75,1200,,7300,
2017,WY,Williams,Williams Midstream Services, LLC,Opal Gas Plant,Lincoln,83124,Active,1100,660,,,37000,
2017,OK,Enbridge G&P (Oklahoma), L.P.,Enbridge G&P (Oklahoma), L.P.,Sweetwater Plant,Beckham,73662,Active,125,65,1143,,,
2017,TX,Enterprise Hydrocarbons L.P.,Enterprise Products Operating LLC,Shilling Gas Plant,Webb,78357-2032,Active,110,110,1200,,,
2017,AK,BP Exploration Alaska,BP Exploration Alaska,Prudhoe Bay Unit Central Gas Facility,,99508,Not Active,8500,6950,1002,,,
2017,OK,OSAGE HILLS PIPELINE COMPANY, LLC,ALEX GAS SYSTEMS,Osage Hills Gas Plant,OSAGE,74002,Active,5,3,,,500,
2017,LA,Plains Gas Solutions, LLC,Plains Gas Solutions, LLC,Patterson II Plant,St. Mary,70392,Active,170,134,1097,,150,
2017,NM,ConocoPhillips,ConocoPhillips,East Vacuum Liquid Recovery Plant,Lea,88260,Active,45,24,1027,,1355,
2017,LA,XTO Energy, Inc.,XTO Energy, Inc.,Cotton Valley Gas Plant,Webster,71018,Active,90,35,,,18000,
2017,TX,ETC Field Services LLC,ETC Field Services LLC,Tilden,McMullen,78072,Active,150,98,1250,,3250,
2017,TX,ETC Field Services LLC,ETC Field Services LLC,MiVida JV Processing Plant,Ward,79719,Active,200,190,1280,,20000,
2017,TX,ETC Texas Pipeline, Ltd.,ETC Texas Pipeline, Ltd.,Orla Plant,Reeves,79770,Active,210,160,1220,,1350,
2017,CA,CRESTWOOD MIDSTREAM PARTNERS,CRESTWOOD WEST COAST,CRESTWOOD,KERN,93276,Active,24,1,1271,,373,
2017,TX,Kinder Morgan Tejas Pipeline LLC,Kinder Morgan Tejas Pipeline LLC,Texas City Processing Plant,Galveston,77590,Active,65,65,1045,,400,
2017,NM,OXY USA WTP LP,Oxy Permian Resources - Delaware Basin,Indian Basin Gas Plant,Eddy,88254,Active,300,64,1260,0,5000,
2017,UT,Questar Field Services,Questar Pipeline,Price Chiller Skids,Carbon,84501,Not Active,,,,,,
2017,TX,Targa Delaware LLC,Targa Delaware LLC,Loving Plant,Loving,79745,Active,70,40,1210,,1400,
2017,TX,Enbridge Pipelines (Texas Gathering), L.P.,Enbridge Pipelines (Texas Gathering) L.P.,Ajax Plant,Wheeler,79096,Active,150,150,1192,,,
2017,TX,,Houston Pipeline Co.,McMullen,McMullen,78072,Active,5,4,1260,,760,
2017,TX,Targa Resources,Targa Pipeline MC WestTex LLC,Benedum Plant,Upton,79755,Not Active,485,420,1290,,1600,
2017,PA,MSL OIL & GAS CORP.,,LAFAYETTE,MCKEAN,16738,Active,2,2,1360,,700,
2017,TX,APL South Tex Processing Company LP,TPL South Tex Processing Company LP,Silver Oak Plant 1,Bee,78162,Active,260,179,1292,,,
2017,NM,DCP Midstream,DCP Midstream,Artesia,Eddy,88210,Active,90,80,1200,0,2573,
2017,WY,Incremental Oil and Gas,Incremental Oil and Gas,Silvertip,Park,82435,Active,5,5,,,2140,
2017,CO,QEP Energy Co,QEP Energy Co,Cutthroat B,Montezuma,81331,Active,0.84,0.07,1256,0,1429,
2017,TX,Targa Resources,Targa Resources,Sterling Plant,Sterling,76951,Active,90,85,1250,0,1610,
2017,TX,Targa Resources,Targa Pipeline MC WestTex LLC,Midkiff Plant,Reagan,79755,Active,230,220,1290,,833,
2017,MT,LAMARSA CORP,LAMARSA CORP,Aloe Ventures,Toole,59474-0766,Active,600,600,1000,0,0,
2017,WV,MARKWEST LIBERTY MIDSTREAM & RES,,Mobley Plant,Wetzel,26437,Active,920,886,1172.22,0,0,
2017,TX,OCCIDENTAL PERMIAN LTD 04,OCCIDENTAL PERMIAN LTD,Wasson ODC Unit CO2 Removal Plant,Yoakum,79323,Active,100,96,,,4300,
2017,TX,XTO Energy,XTO Energy,Trend Gathering Farrar plant,Limestone,75846,Active,330,110,1000,,3000,
2017,TX,Trend Gathering and Treating L.P.,Trend Gathering and Treating L.P.,Trend Teague Plant,Freestone,75860,Active,330,200,1025,,3000,
2017,TX,Enbridge,Enbridge,Enbridge G&P (North Texas) Springtown Plant,Parker,76082,Active,,,,,,
2017,TX,Enbridge,Enbridge,Enbridge G&P (North Texas) Weatherford Plant,Parker,76088,Active,70,65,1257,,430,
2017,PA,KCS ENERGY, INC.,KCS ENERGY, INC.,GRUNDER RUN PLANT,WARREN,16365,Active,2,1,1360,,1428,
2017,Ut,,Newfield Exploration,Monument Butte Compressor Station,Dushesne,84052,Not Active,30,9,1250,,1383,
2017,MT,Omimiex, LTD,Northwestern Energy,Cut Bank NGL Plant,Glacier,59427,Active,20,4,1139,,9000,
2017,ND,Petro Hunt LLC,Petro Hunt LLC,Little Knife Gas Plant,Billings,58640,Active,25,17,1400,,12530,
2017,CO,Xcel Energy,Xcel Energy,Rifle Gas Plant-Rifle Creek,Garfield,81650,Active,50,25,1070,,2857,
2017,TX,LAYLINE NORTH TEXAS LLC,LAYLINE ENERGY I LLC,ELECTRA PLANT,Wilbarger,76360,Active,1,1,,,1429,
2017,OH,Blue Racer Midstream, LLC,Blue Racer Midstream, LLC,Berne Natural Gas Processing Plant,Monroe,43754,Active,440,244,1252,,2600,
2017,WV,Williams Partners LP,Williams Partners LP,Fort Beeler,Marshall,26033,Active,520,280,1212,,19285,
2017,TX,Enbridge G & P (East Texas) L.P.,Enbridge G & P (East Texas) L.P.,New Hope,Franklin,75163,Active,10,6,1054,,4000,
2017,CA,Freeport-McMoRan Oil & Gas - 100%,Freeport-McMoRan Oil & Gas,Lompoc Oil & Gas Plant,Santa Barbara,93436,Active,15,3,1176,,2140,
2017,TX,Oxy USA INC,Oxy USA INC,Seminole Gas Processing Plant,Gaines,79360,Active,285,275,,,10000,
2017,MI,Cobra Oil & Gas Corporation,Cobra Oil & Gas Corporation,Reno Gas Plant,Iosco,48770,Not Active,8,,1300,,1257,
2017,CO,WHITING OIL AND GAS CORPORATION,WHITING OIL AND GAS CORPORATION,REDTAIL GAS PLANT,WELD,80742,Active,70,17,1320,,7620,
2017,TX,OCCIDENTAL PERMIAN LTD 04,OCCIDENTAL PERMIAN LTD,WPMT NGL,Yoakum,79323,Active,40,11,891,,,
2017,WV,Blue Racer Midstream, LLC,Blue Racer Midstream, LLC,Natrium Extraction and Fractionation Plant,Marshall,26055,Active,450,424,1217,,150100,
2017,LA,CARUTHERS PRODUCING CO, INC,CARUTHERS PRODUCING CO, INC,VIVIAN GAS PROCESSING,CADDO,,Active,1,1,,,714,
2017,CO,Peakview  Oil,Custom Energy Construction, Inc.,Buck Peak,Moffat,81625,Active,,,,,4619,
2017,CO,DCP Operating Company, LP,DCP Operating Company, LP,Lucerne II,Weld,80631,Active,225,225,1175,,,
2017,NM,DCP Operating Company, LP,DCP Operating Company, LP,Zia II Plant,Lea,88240,Active,220,180,1120,,3950,
2017,WY,Kaiser-Frontier Midstream, LLC,Kaiser-Frontier Midstream, LLC,Silo Gas Plant,Laramie,82009,Active,15,6,1400,,2140,
2017,AL,Escambia Operating Company, LLC,Vanguard Natural Resources Inc.,Big Escambia Creek Gas Processing Plant,Escambia,36502,Active,50,29,900,,34000,
2017,TX,Enbridge G & P (East Texas) L.P.,Enbridge G & P (East Texas) L.P.,East Texas (Avinger),Marion,75630,Active,85,65,1080,,4000,
2017,TX,Enbridge G & P (East Texas) L.P.,Enbridge G & P (East Texas) L.P.,Henderson,Rusk,75654,Active,280,115,1090,,600,
2017,TX,Enbridge G & P (East Texas) L.P.,Enbridge G & P (East Texas) L.P.,Longview,Gregg,75603,Active,125,110,1080,,1000,
2017,TX,Enbridge G & P (East Texas) L.P.,Enbridge G & P (East Texas) L.P.,Trinidad,Henderson,75163,Active,65,52,1049,,476,
2017,TX,Enbridge G & P (East Texas) L.P.,Enbridge G & P (East Texas) L.P.,Beckville Plant,Panola,75631,Active,150,119,1073,,2700,
2017,TX,ETC Field Services LLC,Energy Transfer Company,Halley,Winkler,79745,Active,107,90,1129,,169,
2017,TX,Howard Midstream Energy Partners, LLC,Texas Pipeline Processing, LLC,Reveille Cryogenic Plant,Webb,78045,Active,200,75,1098,,715,
2017,WY,Devon Energy Production Co LP,Devon Energy Production Co LP,Worland Plant,Washakie,82401,Active,10,5,1287,,9200,
2017,TX,American Midstream,American Midstream,Chapel Hill Gas Plant,Smith,75792,Active,25,13,1067,,4850,
2017,TX,WEST TEXAS GAS PROCESSING LP,WEST TEXAS GAS PROCESSING LP,SALE RANCH GAS PLANT,MARTIN,79782,Active,250,210,1247,,750,
2017,TX,WTG GAS PROCESSING LP,WTG SOUTH PERMIAN MIDSTREAM LLC,BENEDUM COMPLEX,UPTON,79755,Active,360,242,1278,,750,
2017,TX,WEST TEXAS GAS PROCESSING LP,WEST TEXAS GAS PROCESSING LP,EAST VEALMOOR GAS PLANT,HOWARD,79511,Active,45,22,1267,,750,
2017,TX,WTG JAMESON LP,WEST TEXAS GAS PROCESSING LP,JAMESON PLANT,COKE,76949,Active,60,58,1349,,750,
2017,TX,DGP TAURUS GP HOLDING LLC,DAVIS GAS PROCESSING INC,SHACKELFORD PLANT,EASTLAND,76437,Active,15,7,1262,,750,
2017,NM,DAVIS GAS PROCESSING INC,DAVIS GAS PROCESSING INC,DENTON GS PLANT,LEA,88260,Active,20,2,1427,,750,
2017,TX,DAVIS GAS PROCESSING INC,DAVIS GAS PROCESSING INC,CEDAR HILL GAS PLANT,GARZA,79356,Active,8,1,1265,,750,
2017,MI,MERIT ENERGY COMPANY,,Kalkaska Gas Processing,Kalkaska,49680,Active,75,32,1099,0,42000,
2017,OH,Columbia Pennant, LLC,TransCanada/Columbia Midstream,Hickory Bend,Mahoning,44442,Active,200,95,1242,1,4500,
2017,OK,SemGas, LP,SemGas, LP,Nash,Grant,73761-5073,Active,40,,,,,
2017,OK,SenGas, LP,SemGas, LP,Hopeton,Woods,73731,Active,140,80,1158,,,
2017,OK,SemGas, LP,SemGas, LP,Rose Valley,Woods,73717-5073,Active,400,250,1130,,,
2017,Tx,Targa Resources,Targa Resources,Targa Sandhills Plt,Crane,79743,Active,180,152,1230,,9285,
2017,WV,Williams Partners LP,Williams Partners LP,Oak Grove,Marshall,56041,Active,200,75,1212,,3213,
2017,OK,Targa Pipeline Mid-Continent LLC,Targa Pipeline Mid-Continent LLC,Velma Gas Plant,Stephens,73491,Active,160,151,1210,,4500,
2017,TX,Navitas Midstream Midland Basin, LLC,,Spraberry Plant,Midland,79706,Active,125,63,1300,,,
2017,CO,Noble Energy,Noble Midstream Services,Keota Gas Plant,Weld,80611,Active,30,30,1450,,2857,
2017,CO,Noble Energy,Noble Midstream Services,Lilli Gas Processing Facility,Weld,80742,Active,18,18,1400,,2572,
2017,AL,,American Midstream Chatom, LLC,Chatom Plant,Washington,36518,Active,12,7,1200,,6190,
2017,CO,AKA ENERGY,AKA ENERGY GROUP,GILCREST PLANT,WELD,80651,Active,23,22,1257,,1857,
2017,CO,Williams,Williams,Parachute Creek Gas Plants,Garfield,81635,Active,1000,545,1073,,16000,
2017,CA,,Brea Canon Oil Co., Inc.,Harbor City,Los Angeles,90710-1400,Active,,,,,,
2017,AL,GAS PROCESSORS INC,GAS PROCESSORS INC,Wildfork Plant,Monroe,36445,Active,9,9,1275,,2857,
2017,AL,,Hilcorp Energy Co.,Lufkin Plant,Monroe,36445,Active,3,1,1100,,952,
2017,CO,Caerus Piceance LLC,,Hay Canyon Treatment Facility,Garfield,81524,Active,20,3,1070,,1428,
2017,Al,,Hilcorp Energy Co.,Hatter`s Pond,Mobile,36525,Active,70,8,1295,,15000,
2017,CA,Chevron,Chevron,McKittrick 17Z Plant,Kern,93251,Active,80,24,1140,,5714,
2017,TX,UNOCAL - CNAEP,UNOCAL - CNAEP,VAN PLANT,VAN ZANDT,75790,Active,1.2,0.5,1370,,1142,
2017,CO,Caerus Piceance LLC,,Plateau Creek Plant,Mesa,81643,Active,1,1,1075,,300,
2017,TX,XTO Energy, Inc.,XTO Energy, Inc.,Hawkins Gas Plant,Wood,75765,Active,180,159,351,,900,
2017,TX,Aethon United BR LP,Aethon Energy Operating LLC,Sweetwater Creek Gas Plant,Wise,76234,Active,12,8,1120,,5714,
2017,TX,Aethon United Gas LP,Aethon Energy Operating LLC,Tyler Gas Plant,Smith,75704,Active,1,1,,,210,
2017,TX,EagleClaw Midstream Ventures, LLC,EagleClaw Midstream Ventures, LLC,Pecos Gas Plant,Reeves,79772,Active,250,120,1300,,2040,
2017,TX,EagleClaw Midstream Ventures, LLC,EagleClaw Midstream Ventures, LLC,East Toyah Gas Plant,Reeves,79772,Active,440,300,1250,,4500,
2017,CO,Tabula Rasa Energy LLC,Tabula Rasa Energy LLC,La Veta Gas Plant,Huerfano,81055,Active,20,4,285,,2142,
2017,WY,Merit Energy Company,Marathon Oil Company,Oregon Basin Gas Plant,Park,82414,Active,6,5.6,928.4,,952,
2017,CO,Wolverine Resources LLC,Wolverine Resources LLC,Big Hole Plant,Moffat,81625,Active,305,,,,,
2017,TX,Copano Processing LLC,Copano Processing LLC,Huntsville Gas Plant,Walker,77320,Active,15,5,1170,,4285,
2017,TX,DCP Operating Company, LP,DCP Operating Company, LP,Panhandle Superplant,Hutchinson County,79007,Active,515,275,1217,0,31142,
2017,TX,Lucid Energy WesTex, LLC,,Big Lake Plant,Reagan,76932,Active,200,140,1150,,,
2017,TX,Targa Resources,,High Plains Plant,Midland,79706,Active,200,171,1260,0,837,
2017,LA,PSI Midstream Partners, LP,PSI Midstream Partners, LP,Kaplan Plant,Vermilion,70510,Active,200,120,1100,,1000,
2017,TX,Williams Field Services-Gulf Coast Company LP,Williams Field Services-Gulf Coast Company LP,Markham Gas Processing Plant,Matagorda,77456,Active,550,225,1139,,,
2017,LA,Kinetica Partners, LLC,Kinetica Partners, LLC,Grand Cheniere,Cameron,70643,Active,130,26.082,1079,0,0,
2017,TX,OCCIDENTAL PERMIAN LTD 04,OXY,Denver Unit CO2 Recovery Plant,Yoakum,79323,Active,290,279,229,,850,
2017,TX,,Delaware G&P LLC,Lobo I Plant,Loving,,Active,35,22,1220,,,
2017,CA,California Resources Corporation,Elk Hills Power LLC,California-San Joaquin Basin Onshore CA10,Kern,93276,Active,225,215,1220,,110000,
2017,TX,OXY USA WTP, LP 00,OXY,Willard CO2 Recovery Plant,Yoakum,79323,Active,96,94,185,0,1500,
2017,CO,Utah Gas Op Ltd,Utah Gas Corp,Dragon Trail Gas Processing Facility,Rio Blanco,81648,Active,60,55,,,6400,
2017,TX,Enable Midsteam Partners, LP,Enable Midstream Partners, LP,Waskom Gas Processing,Harrision,75692,Active,250,210,1080,,48000,
2017,TX,Crestwood Panhandle Pipeline LLC,Crestwood Panhandle Pipeline LLC,Indian Creek Gas Plant,Roberts,79065,Active,36,23,1260,,1109,
2017,CA,VINTAGE PIPELINE, INC.,VINTAGE PIPELINE, INC.,Santa Clara Valley Gas Plant,Ventura,93040,Active,17,10,1250,,2610,
2017,LA,Aethon United Pipeline LP,Aethon Energy Operating LLC,Gravel Point,DeSoto,71027,Active,0,0,,,,
2017,WY,Hilcorp Energy Development LP,Hilcorp Energy Development LP,Carter Creek Gas Plant,Uinta,82930,Active,62,45,1010,0,75,
2017,NM,AGAVE ENERGY COMPANY,AGAVE ENERGY COMPANY,Dagger Draw,Eddy,88210,Active,50,35,1150,,,
2017,WY,Encore Energy Partners Operating LLC,Encore Energy Partners Operating LLC,Elk Basin Gasoline Plant,Park,82435,Active,13,12,340,,,
2017,TX,,Ranger Gas Gathering, L.L.C.,Ranger,Eastland,76470-0079,Active,8.5,4.8,1380,,714,
2017,NM,Lucid Energy Delaware, LLC,,Red Hills,Lea,88252,Active,275,130,1150,,,
2017,OK,Targa Resources,Targa Resources,Coalgate Stonewall Gas Plant,Coal,74538,Active,280,258,1200,,,
2017,LA,Discovery Producer Services,Williams Energy LLC,Larose Processing Plant,Lafourche,70373,Active,600,280,1175,,100,
2017,WV,Tulsa Hurricane, LLC,Elkhorn Gas Processing,Hurricane Gas Processing Plant,Putnam,25526,Active,10,4,1250,,2429,
2017,MI,Aztec Producing Company,Aztec Producing Company,Aztec Manistee,Manistee,49660,Active,5,,1340,,1429,
2017,TX,ExxonMobil Corporation,Kinder Morgan CO2,Snyder Gasoline Plant,Scurry,79549,Active,90,59,1300,,1000,
2017,TX,Targa Gas Processing LLC,Targa Gas Processing LLC,Longhorn Gas Plant,Wise,76234,Active,200,127,1157,0,0,
2017,WY,Merit Energy Company,Merit Energy Company,Garland Gas Plant,Park,84212,Active,4,1,1090,,572,
2017,WY,Merit Energy Company,Merit Energy Company,Anschutz Ranch East,Uinta,82930,Active,55,10,1026,,10000,
2017,WY,Merit Energy Company,Merit Energy Company,Painter,Uinta,82931,Active,270,185,730,,13000,
2017,TX,Midstream Energy Services, LLC,Midstream Energy  Services, LLC,Grey Badger,Carson,79068,Active,25,8,1363,,2800,
2017,OK,Mustang Ventures Company,Mustang Gas Products, LLC,Rodman,Garfield,73773,Active,80,68,1200,,580,
2017,OK,Mustang Ventures Company,Mustang Gas Products, LLC,Binger,Caddo,73009,Active,15,8,1225,,,
2017,OK,Mustang Ventures Company,Mustang Gas Products, LLC,Dover-Hennessey Gas Plant,Kingfisher,73742,Active,80,42,1185,,1150,
2017,ND,Oasis Petroleum,Oasis Midstream Partners,Wild Basin,McKenzie,58854,Active,79,79,1500,,17143,
2017,TX,DCP Operating Company, LP,DCP Operating Company, LP,Crossroads,Harrison,75672,Active,60,,1025,,,
2017,KS,Atlas KS Energy LLC,Pioneer Exploration, LLC,Spivey,Harper,67058-8432,Active,22,8,1190,,7620,
2017,TX,,,Fain Gas Plant,Potter,79058,Active,50,35,1400,,3048,
2017,CA,AERA ENERGY LLC,AERA ENERGY LLC,VENTURA GAS PLANT 7,VENTURA,93001,Active,12,8,1168,,1400,
2017,TN,Continuum Midstream, LLC,Continuum Midstream, LLC,Rogersville Cryogenic Plant,Hawkins,37857,Active,25,12,1225,,2857,
2017,CA,Signal Hill Petroleum, Inc.,Signal Hill Petroleum, Inc.,Signal Hill West Unit Gas Plant,Los Angelese,90755,Active,4,1,1476,,952,
2017,TX,Southcross Energy GP LLC,Southcross Processing LLC,Woodsboro Plant,Refugio,78393,Active,200,139,1206,,2000,
2017,AL,The Williams Companies, Inc.,The Williams Companies, Inc.,Williams Mobile Bay Processing Plant,Mobile,36523,Active,690,350,1135,,,
2017,OH,Utica East Ohio Midstream LLC,Utica East Ohio Midstream LLC,Kensington,Columbiana,77002,Active,750,501,1240,,9200,
2017,OH,Utica East Ohio Midstream LLC,Utica East Ohio Midstream LLC,Leesville,Carroll,44621,Active,250,6,1268,,3500,
2017,TX,Chevron Production Company,Chevron Production Company,Dollarhide Gas Plant,Andrews,79714,Active,56,56,,0,7000,
2017,CA,Crimson Resource Management Corp,Crimson Resource Management Corp,Greeley Gas Plant,Kern,93309,Active,0.7,0.45,1200,0,238,
2017,TX,DCP Operating Company, LP,DCP Operating Company, LP,Rawhide,Sterling,79720,Active,75,50,1090,0,630,
2017,KS,Superior Pipeline Company LLC,Superior Pipeline Company LLC,Reno Plant,Reno,67583,Active,8,2,1370,0,800,
2017,TX,Enerfin Resources Company,Enerfin Resources II-92 LP,Longhorn Gas Plant,Archer,76310,Active,2,1,1333,0,950,
2017,LA,ETC PennTex LLC,,Lincoln Parish Plant,Lincoln,71001,Active,200,150,1082,,8500,
2017,LA,ETC PennTex LLC,,Mt. Olive Plant,Lincoln,71270,Active,200,150,1082,,8500,
2017,CO,Sterling Energy Investments, LLC,Sterling Energy Investments, LLC,Yenter Gas Plant,Logan,80751,Active,11,1,1396,,5394,
2017,TX,MarkWest Energy East Texas Gas Company, LLC,MarkWest Energy East Texas Gas Company LLC,East Texas Gas Plant,,75633,Not Active,600,399,1140,,,
2017,OH,MarkWest Liberty Midstream & Resource,MarkWest Liberty Midstream & Resource,Cadiz Plant,Harrison,43907,Not Active,525,509,1184,,,
2017,WV,Markwest Energy Partners, L.P.,Markwest Energy Partners, L.P.,Markwest Cobb Extraction,Kanawha,25045-0932,Active,35,24,1240,,2950,
2017,WV,Markwest Energy Partners, L.P.,Markwest Energy Partners, L.P.,Kenova,Kanawha,25045-0932,Active,160,108,1220,,13600,
2017,KY,Markwest Energy Partners lp,Markwest Energy Partners lp,Boldman,Pike,41501-7067,Active,70,32,1308,,2857,
2017,NM,AKA - FRONTIER FIELD SERVICES,FRONTIER FIELD SERVICES,Maljamar Gas Plant,LEA,88264,Active,150,85,1200,,1143,
2017,TX,Superior Pipeline Corporation,Superior Pipeline Corporation,HEMPHILL (C, D & E),Hemphill,79014,Active,275,195,,,800,
2017,KY,Markwest Energy Partners, L.P.,Markwest Energy Partners, L.P.,Langley Processing Plant,Floyd,41645,Active,295,118,1290,,4897,
2017,OK,ENABLE PRODUCTS LLC,ENABLE PRODUCTS LLC,CLINTON,CUSTER,73601,Active,120,117,1197,,,
2017,OK,ENABLE PRODUCTS LLC,ENABLE PRODUCTS LLC,CALUMET,CANADIAN,73014,Active,250,89,1116,,5952,
2017,OK,ENABLE PRODUCTS LLC,ENABLE PRODUCTS LLC,Wetumka,HUGHES,74883,Active,60,36,1190,,2857,
2017,OK,ENABLE PRODUCTS LLC,ENABLE PRODUCTS LLC,South Canadian,Canadian,73014,Active,200,200,1152,,,
2017,OK,ENABLE PRODUCTS LLC,ENABLE PRODUCTS LLC,COX CITY,GRADY,73082,Active,180,127,1172,,3333,
2017,OK,ENABLE PRODUCTS LLC,ENABLE PRODUCTS LLC,CANUTE,WASHITA,73626,Active,60,32,1128,,,
2017,OK,ENABLE PRODUCTS LLC,ENABLE PRODUCTS LLC,Thomas,CUSTER,73669,Active,150,93,1051,,,
2017,OK,ONEOK,ONEOK,Canadian Valley Natural Gas Processing,Canadian,73014,Active,250,249,1230,1,500,
2017,OK,Kinder Morgan (Scissortail Energy LLC),Kinder Morgan (Scissortail Energy LLC),Harrah Plant,Lincoln,73045,Active,40,32,1250,,29525,
2017,OK,Breitburn Operating LP,Breitburn Operating LP,Dry Trail,Texas,73942,Active,100,93,1007,,1710,
2017,NM,Targa Midstream Services, LLC,Targa Midstream Services, LLC,Saunders Plant,Lea,88260,Active,70,38,1220,,2286,
2017,NM,Targa Midstream Services LLC,Targa Midstream Services LLC,Monument Plant,Lea,88265,Active,85,81,1265,,5357,
2017,TX,Kinder Morgan - Copano Field Services/North Texas, LLC,,Saint Jo Processing Plant,Montague,76251,Active,110,73,1082,,,
2017,LA,,Enlink LIG Liquids, LLC,Gibson Plant,Terrabone Parish,70356,Active,110,84,1082,,,
2017,TX,,Enlink Permian, LLC,Deadwood Plant,Glasscock,79739,Active,58,29,1365,,2330,
2017,TX,ETC Texas Pipeline Ltd.,Energy Transfer Company,Chisholm Plant,Fayette,78945,Active,120,70,1275,,1000,
2017,TX,Energy Transfer partners,Energy transfer partners,Godley gas Plant,Johnson,76044,Active,700,350,1280,,10000,
2017,TX,Enterprise Hydrocarbons Lp,Enterprise Products Operating LLC,Delmita Gas Plant,Starr,78536,Active,40,23,1150,,,
2017,TX,Enterprise Hydrocarbons L.P.,Enterprise Hydrocarbons L.P.,Gilmore Natural Gas Plant,Hidalgo,78541,Active,265,225,1140,,900,
2017,TX,Enterprise Hydrocarbons L.P.,Enterprise Hydrocarbons L.P.,San Martin Natural Gas Plant,Bexar,78112-9771,Active,200,145,1251,,,
2017,TX,Enterprise Hydrocarbons LP,Enterprise Products Operating LLC,Sonora Plant,Sutton,76950,Active,120,95,1141,,750,
2017,TX,Enterprise Hydrocarbons LP,Enterprise Hydrocarbons LP,Thompsonville Gas Plant,Jim Hogg,77369,Active,330,305,1140,,,
2017,TX,Enterprise Hydrocarbons LP,Enterprise Products Operating LLC,Armstrong Plant,Eddy,88256,Active,200,50,1060,,1200,
2017,TX,Enterprise Hydrocarbons L.P.,Enterprise Hydrocarbons L.P.,Shoup Cryogenic Plant,Nueces,78410,Active,285,255,1120,,1700,
2017,LA,Enterprise Gas Processing LLC,Enterprise Gas Processing LLC,Neptune Gas Plant,St. Mary,70522,Active,650,536,1153,,,
2017,LA,Enterprise Gas Processing LLC,Enterprise Gas Processing LLC,North Terrebonne Plant,Terrebonne,70356,Active,1100,650,1100,,2000,
2017,LA,Enterprise Gas Processing LLC,Enterprise Gas Processing LLC,Toca Gas Plant,St. Bernard,70085,Active,1100,150,1096,,,
2017,WY,Enterprise Gas Processing,LLC,Enterprise Gas Processing LLC,Pioneer Cryogenic Plant,Lincoln,83124,Active,800,758,1115,,,
2017,NM,Enterprise Field Services LLC,Enterprise Products Operating LLC,Chaco Gas Plant,San Juan,87413,Active,600,338,1185,,12113,
2017,NM,Enterprise Field Services LLC,Enterprise Products Operating LLC,South Carlsbad Dew Point Plant,Eddy,88256,Active,200,50,1060,,1200,
2017,NM,Enterprise Field Services, LLC,Enterprise Field Services LLC,Carlsbad Chaparral Gas Plant,Eddy,88220,Active,40,23,1150,,,
2017,TX,Enterprise Hydrocarbons LP,Enterprise Products Operating LLC,Yoakum Gas Processing Plant,Lavaca,77995,Active,900,900,1250,,,
2017,NM,Enterprise Field Services LLC,Enterprise Products Operating LLC,South Eddy Cryo Plant,Eddy,88263,Active,200,200,1246,,,
2017,TX,ETC Texas Pipeline, Ltd.,ETC Texas Pipeline, Ltd.,King Ranch Gas Plant,Kleberg,78363,Active,650,375,1170,,140000,
2017,LA,Enterprise Gas Processing LLC,Enterprise Gas Processing, LLC,Burns Point Gas Plant,St. Mary,70538,Active,120,60,1070,,500,
2017,OH,MarkWest Liberty Midstream & Resource,MarkWest Liberty Midstream & Resource,Cadiz Plant,Harrison,43907,Active,525,509,1184,,,
2017,OK,MarkWest Oklahoma Gas Company LLC,MarkWest Oklahoma Gas Company LLC,Arapaho Plants 1-2-3,Custer,73625-5021,Active,225,210,1220,,,
2017,WV,MarkWest Liberty Midstream & Resource,MarkWest Liberty Midstream & Resource,Majorsville Plant,Marshall,26036,Active,1070,902,1241,,,
2017,TX,Kinder Morgan Production Company LLC,Kinder Morgan Production Company LLC,Tract 75 Gas Plant,Pecos,79744,Active,110,73,300,,,
2017,MI,Breitburn Operating, L.P.,Breitburn Operating, L.P.,Beaver Creek,Crawford,49738,Active,2,2,,,714,
2017,MI,Breitburn Operating, L.P.,Breitburn Operating, L.P.,Monitor 11,Bay,48706,Active,0,0,,,1332,
2017,AL,Plains Gas Solutions, LLC,,North Beach Plant,Conecuha,36401,Active,10,,,,2000,
2017,NM,Hilcorp San Juan, LLC.,Harvest Pipeline Company,San Juan Gas Plant,San Juan,87413,Active,550,372,1152,,4000,
2017,WV,MarkWest Liberty Midstream & Resource,MarkWest Liberty Midstream & Resource,Sherwood Plant,Doddridge,26456,Active,1800,1481,1225,,,
2017,OH,MarkWest Liberty Midstream & Resource,MarkWest Liberty Midstream & Resource,Seneca Plant,Noble,43788,Not Active,800,475,1137,,,
2017,PA,MarkWest Liberty Midstream & Resource,MarkWest Liberty Midstream & Resource,Keystone Plant,Butler,16033,Active,410,117,1219,,55571,
2017,PA,MarkWest Liberty Midstream & Resources,MarkWest Liberty Midstream & Resources,Houston Plant,Washington,15301,Active,520,495,1269,,,
2017,MI,Breitburn Operating, L.P.,Breitburn Operating, L.P.,Fraser 8,Bay,48650,Active,2,2,,,,
2017,CO,Chevron,Chevron,Wilson Creek Gas Plant,Rio blanco,81641,Active,1,1,1545,,2926,
2017,WY,Western Gas Partners, LP,Western Gas Partners, LP,BISON TREATING FACILITY,Campbell,82718,Active,270,137,927,,,
2017,OK,Kinder Morgan (Scissortail Energy LLC),,Burbank Plant,Osage,74633,Not Active,,,,,,
2017,TX,ETC Field Services LLC,ETC Field Services LLC,Rosewood Plant,Upshur,75644,Active,12,4,1103,,467,
2017,WY,Crestone Energy Ventures LLC,Western Gas Partners, LP,FORT UNION MEDICINE BOW TREATING FACILITY,Converse,82633,Active,340,111,953,,,
2017,TX,ETC Field Services LLC,ETC Field Services LLC,Gomez Plant,Pecos,79735,Active,84,80,950,,,
2017,NM,Chevron USA, Inc.,Chevron,Buckeye CO2 Plant,Lea,88260,Active,55,53,230,,700,
2017,UT,Western Gas Partners, LP,Western Gas Partners, LP,CHIPETA PLANT,UINTAH,84078,Active,750,415,1112,,,
2017,CO,Western Gas Partners, LP,Western Gas Partners, LP,Platte Valley Gas Plant,Weld,80621,Active,105,100,1283,,15000,
2017,CA,Seneca Resources Corporation,Seneca Resources Corporation,Belridge Gas Plant,Kern,93251,Active,14,8,1148,,8346,
2017,OK,Alta Mesa Holdings, LP,Kingfisher Midstream, LLC,Kingfisher Midstream, LLC,Kingfisher,73734-3513,Active,60,54,1244,,,
2017,ND,Andeavor Field Services LLC,Andeavor Field Services LLC,Belfield Gas Plant,Stark,58622,Active,40,20,1556,,16600,
2017,WY,Western Gas Partners, LP,Western Gas Partners, LP,NEWCASTLE COMPLEX,Weston,82710,Active,3,2,1550,,4005,
2017,WY,Western Gas Partners, LP,Western Gas Partners, LP,HILIGHT COMPLEX,Campbell,82718,Active,60,52,1385,,13725,
2017,CO,ANADARKO PETROLEUM COMPANY,,WATTENBERG GAS PLANT,ADAMS,80019,Active,250,183,1259,,9500,
2017,TX,Caprock Midstream, LLC,Caprock Permian Processing, LLC,Pecos Bend Gas Processing Plant,Reeves,79772,Active,153,30,1386,,437,
2017,OK,Kinder Morgan (Scissortail Energy LLC),Kinder Morgan (Scissortail Energy LLC),Milfay Plant,Creek,74079,Active,15,6,1169,,950,
2017,OK,Kinder Morgan (Scissortail Energy LLC),Kinder Morgan (Scissortail Energy LLC),Glenpool (Creek) Plant,Jenks,74033,Active,25,4,1146,,1500,
2017,OK,Kinder Morgan (Scissortail Energy LLC),Kinder Morgan (Scissortail Energy LLC),Paden Plant,Okfuskee,74860,Active,90,50,1235,,1550,
2017,OK,Kinder Morgan (Scissortail Energy LLC),Kinder Morgan (Scissortail Energy LLC),Southern Dome Plant,Oklahoma,73149,Not Active,,,,,,
2017,LA,Enlink Midstream,EnLink LIG Liquids, LLC,Plaquemine Plant,Iberville Parish,70764,Active,225,162,1052,,11905,
2017,LA,,Enlink Pelican Plant, LLC,Pelican Plant,St. Mary,70392,Active,600,236,1090,,,
2017,OK,,Enlink Midstream Services, LLC,Northridge Plant,Hughes,74531,Active,200,56,1134,,5714,
2017,TX,,Enlink Texas Processing, LP,Azle Plant,PARKER,76020,Active,50,,,,1373,
2017,TX,,Coronado Midstream LLC,Midmar East,Martin,79783,Active,100,65,1300,,2500,
2017,TX,,Coronado Midstream LLC,Midmar West,Andrews,79714,Active,65,41,1300,,640,
2017,WV,Dominion Gathering and Processing, Inc.,Dominion Energy Transmission, Inc.,Lightburn Extraction Plant,Lewis,26378,Active,44,9,1166,,5028,
2017,WV,Dominion Gathering and Processing, Inc.,Dominion Energy Transmission, Inc.,Hastings Extraction Plant,Wetzel,26419,Active,180,147,1231,,37979,
2017,WV,Dominion Gathering and Processing, Inc.,Dominion Energy Transmission, Inc.,Copley Extraction Plant,Lewis,26452,Active,35,,,,2514,
2017,WV,Dominion Gathering and Processing, Inc.,Dominion Energy Transmission, Inc.,West Union NGL Extraction Plant,Doddridge,26456,Active,35,,,,2514,
2017,TX,Enbridge Pipelines (Texas Gathering) L.P.,Enbridge Pipelines (Texas Gathering) L.P.,Hobart Cryo Plant,Hemphill,79014,Active,35,,,,1000,
2017,TX,Enbridge Pipelines (Texas Gathering) L.P.,Enbridge Pipelines (Texas Gathering) L.P.,Hobart Ranch Gas Plant,Hemphill,79014,Active,125,0,,,,
2017,TX,Enbridge Pipelines (Texas Gathering) L.P.,,Zybach,Wheeler,79011,Active,164,69,1169,,952,
2017,TX,Enbridge Pipelines (Texas Gathering) L.P.,Enbridge Pipelines (Texas Gathering) L.P.,Osborne Plant,Roberts,75059,Active,25,,,,476,
2017,TX,Enbridge Pipelines (Texas Gathering) L.P.,,Allison Gas Plant,Wheeler,79003,Active,150,90,1169,,,
2017,TX,ETC Field Services LLC,ETC Field Services LLC,Cargray Plant,Carson,79097,Active,30,15,1340,,19824,
2017,TX,ETC Texas Pipeline, Ltd.,ETC Texas Pipeline, Ltd.,Arrowhead Plant,Reeves,79730,Active,220,196,1258,,1850,
2017,TX,ETC Field Services LLC,ETC Field Services LLC,Coyanosa,Pecos,79730,Active,125,100,1175,,97000,
2017,TX,ETC Field Services LLC,ETC Field Services LLC,Keystone,Winkler,79745,Active,100,100,1200,0,500,
2017,TX,ETC Field Services LLC,ETC Field Services LLC,Antelope Hills Plant,Hemphill,79014,Active,135,79,1287,,864,
2017,OK,ETC Field Services LLC,ETC Field Services LLC,Beaver Gas Processing,Beaver,73932,Active,95,68,1200,,2715,
2017,TX,ETC Field Services LLC,ETC Field Services LLC,Hamlin,Fisher,79520,Active,6,5,1380,,570,
2017,OK,ETC Field Services LLC,ETC Field Services LLC,Crescent Plant,Logan,73028,Active,40,36,1200,,1800,
2017,TX,ETC Field Serivces LLC,ETC Field Services LLC,Spearman Plant,Ochiltree,79081,Active,100,80,1210,,1657,
2017,TX,ETC Field Services LLC,ETC Field Services LLC,Waha Plant,Pecos,79730,Active,120,120,1184,,,
2017,LA,ETC Field Services LLC,ETC Field Services LLC,Dubach Gas Plant,Lincoln,71235,Active,165,150,1133,,3400,
2017,OK,ETC Field Services LLC,ETC Field Services LLC,Mocane Station,Beaver,73932,Active,55,29,1200,,714,
2017,TX,ETC Field Services LLC,ETC Field Services LLC,Tippett Plant,Upton,79752,Active,55,50,1200,,7500,
2017,TX,ETC Field Services LLC,ETC Field Services LLC,Red Bluff Plant,Reeves,79770,Active,220,180,1220,,1350,
2017,NM,ETC Field Services LLC,ETC Field Services LLC,Jal #3 Plant,Lea,88252,Active,110,95,,,6680,
2017,TX,ETC Field Services LLC,ETC Field Services LLC,Sunray Gas Plant,Moore,79086,Active,165,145,1185,,4050,
2017,TX,ETC Field Services LLC,ETC Field Services LLC,Hemphill Plant,Hemphill,79014,Active,50,48,1254,,2143,
2017,TX,ETC Field Services LLC,ETC Field Services LLC,Wheeler,Wheeler,79096,Active,60,35,1195,,,
2017,TX,ETC Field Services LLC,ETC Field Services LLC,Woodall Plant,Hemphill,79011,Active,60,32,1190,,430,
2017,TX,ETC Field Services LLC,ETC Field Services LLC,Gray County Plant,Gray,79065,Active,20,15,1600,,4300,
2017,TX,ETC Field Services LLC,ETC Field Services LLC,Brookeland Plant,Jasper,75931,Active,95,70,1165,,,
2017,LA,ETC Field Services LLC,ETC Field Services LLC,Dubberly Plant,Webster,71024,Active,380,135,1120,,4129,
2017,LA,ETC Field Services LLC,ETC Field Services LLC,Minden Gas Plant,Webster,71055,Active,115,59,1140,,235,
2017,TX,La Grange Acquisition LP,Energy Transfer Company,Rebel Plant,Glasscock,79739,Active,200,200,1300,,,
2017,TX,La Grange Acquisition LP,Energy Transfer Company,Alamo,Houston,75835,Active,200,125,1140,,,
2017,TX,ETC Texas Pipeline, Ltd.,Energy Transfer Company,Jackson Plant,Jackson,77962,Active,800,690,1267,,10714,
2017,TX,ETC Texas Pipeline, Ltd.,Energy Transfer Company,ETC Kenedy Plant,Karnes,78118,Active,410,370,1277,,,
2017,LA,Whiskey Bay Gathering Company,Whiskey Bay Gathering Company,Lake LaRose Gas Plant,St. Martin Parish,70517,Active,5,1,1118,,150,
2017,OK,Kinder Morgan,Kinder Morgan,Matli Plant,Blaine,73772,Active,25,5,1140,,914,
2017,LA,JP OIL COMPANY, LLC,JP OIL COMPANY, LLC,ELBA MINI PLANT,ST. LANDRY,71533,Active,3,2,,,952,
2017,LA,JP OIL COMPANY, LLC,JP OIL COMPANY, LLC,Krotz Springs Gas Plant,ST. LANDRY,70750,Active,5,1,,,1143,
2017,LA,JP OIL COMPANY, LLC,JP OIL COMPANY, LLC,Indian Village Plant,ALLEN,70658,Active,3,2,,,714,
2017,OK,MarkWest Oklahoma Gas Company LLC,MarkWest Oklahoma Gas Company LLC,Buffalo Creek,Roger Mills,73662,Active,200,165,1220,,,
2017,TX,Medallion Delaware Basin, LLC,Medallion Operating Company, LLC,Pecos River Plant,Reeves,79770,Active,30,19,1248,,4300,
2017,WY,ONEOK,ONEOK,Sage Creek Natural Gas Processing Plant,Converse,82637,Active,50,20,1300,,200,
2017,OK,ONEOK,ONEOK,Woodward Natural Gas Processing,Woodward,73802,Active,70,65,1150,,65500,
2017,OK,Legacy Reserves,Binger Operations LLC,Binger Operations LLC,Caddo,73009,Active,15,13,,,83,
2017,OK,ONEOK,ONEOK,Custer Natural Gas Processing,Custer,73639,Active,80,80,1120,,715,
2017,OK,ONEOK,ONEOK,Antelope Hills Natural Gas Processing,Roger Mills,73638,Active,50,48,1175,,650,
2017,OK,ONEOK,ONEOK,Stephens Natural Gas Processing,Stephens,73491,Active,30,27,1145,,500,
2017,OK,ONEOK,ONEOK,Panther Creek Natural Gas Processing,Custer,73626,Active,75,75,1120,,875,
2017,OK,ONEOK,ONEOK,Leedey Natural Gas Processing,Roger Mills,73654-9311,Active,50,20,1180,,2857,
2017,OK,ONEOK,ONEOK,Maysville Natural Gas Processing,Garvin,73057-0846,Active,140,138,1313,,8600,
2017,KS,ONEOK,ONEOK,Cheney Natural Gas Processing,Kingman,67025,Active,85,30,1045,,,
